﻿Year,,,,2015,2016,2017,2018,2019,2020,2021,2022
Country,,Unit,,,,,,,,,
Australia,,Percentage,i,10.2,10.1,10.1,10.1,10.2,10.7,10.6,9.6
Austria,,Percentage,i,10.4,10.4,10.4,10.3,10.5,11.4,12.1,11.4
Belgium,,Percentage,i,10.8,10.8,10.8,10.9,10.8,11.2,11,10.9
Canada,,Percentage,i,10.7,11,10.9,10.9,11,13,12.3,11.2
Chile,,Percentage,i,8.4,8.6,9.1,9.2,9.4,9.7,9.3,9
Colombia,,Percentage,i,7.5,7.5,7.7,7.6,7.8,8.7,9,8.1
Costa Rica,,Percentage,i,7.6,7.3,7,7.3,7.2,7.8,7.6,7.2
Czechia,,Percentage,i,7.4,7.4,7.4,7.5,7.6,9.2,9.5,9.1
Denmark,,Percentage,i,10.3,10.2,10.1,10.1,10.2,10.6,10.8,9.5
Estonia,,Percentage,i,6.6,6.7,6.6,6.7,6.8,7.6,7.5,6.9
Finland,,Percentage,i,9.6,9.4,9.1,9,9.2,9.6,10.3,10
France,,Percentage,i,11.4,11.5,11.4,11.2,11.1,12.1,12.3,12.1
Germany,,Percentage,i,11.2,11.2,11.3,11.5,11.7,12.7,12.9,12.7
Greece,,Percentage,i,8.2,8.4,8.1,8.1,8.2,9.5,9.2,8.6
Hungary,,Percentage,i,6.9,7,6.7,6.6,6.3,7.3,7.4,6.7
Iceland,,Percentage,i,8.1,8.1,8.3,8.4,8.6,9.6,9.7,8.6
Ireland,,Percentage,i,7.3,7.5,7.1,6.9,6.7,7.1,6.7,6.1
Israel,,Percentage,i,7,7.1,7.2,7.2,7.2,7.7,7.9,7.4
Italy,,Percentage,i,8.9,8.7,8.7,8.7,8.7,9.6,9.4,9
Japan,,Percentage,i,10.8,10.7,10.7,10.7,11,11,11.3,11.5
Korea,,Percentage,i,6.6,6.9,7,7.5,8.2,8.4,9.3,9.7
Latvia,,Percentage,i,5.7,6.1,6,6.2,6.6,7.2,9,8.8
Lithuania,,Percentage,i,6.5,6.6,6.5,6.5,7,7.5,7.8,7.5
Luxembourg,,Percentage,i,5.1,5.1,5.1,5.3,5.5,5.7,5.7,5.5
Mexico,,Percentage,i,5.7,5.6,5.5,5.4,5.4,6.2,6.1,5.5
Netherlands,,Percentage,i,10.3,10.3,10.1,10,10.1,11.2,11.3,10.2
New Zealand,,Percentage,i,9.3,9.2,9,9,9.1,9.7,10.1,11.2
Norway,,Percentage,i,10.1,10.5,10.2,10,10.4,11.2,9.9,7.9
Poland,,Percentage,i,6.4,6.6,6.6,6.3,6.5,6.5,6.4,6.7
Portugal,,Percentage,i,9.3,9.4,9.3,9.4,9.5,10.5,11.1,10.6
Slovak Republic,,Percentage,i,6.8,7,6.8,6.7,6.9,7.1,7.8,7.8
Slovenia,,Percentage,i,8.5,8.5,8.2,8.3,8.5,9.4,9.5,8.8
Spain,,Percentage,i,9.1,8.9,8.9,9,9.1,10.7,10.7,10.4
Sweden,,Percentage,i,10.8,10.9,10.8,10.9,10.8,11.3,11.2,10.7
Switzerland,,Percentage,i,10.8,11,11,10.8,11.1,11.7,11.8,11.3
Türkiye,,Percentage,i,4.1,4.3,4.2,4.1,4.4,4.6,4.6,4.3
United Kingdom,,Percentage,i,9.8,9.7,9.6,9.7,10,12.2,12.4,11.3
United States,,Percentage,i,16.5,16.8,16.8,16.6,16.7,18.8,17.4,16.6
Non-OECD Economies,  Argentina,Percentage,,10.2,9,10.4,9.5,9.4,10,..,..
,  Brazil,Percentage,,8.9,9.2,9.5,9.5,9.6,10.1,..,..
,  Bulgaria,Percentage,i,7.4,7.5,7.5,7.3,7.1,8.5,8.6,..
,  China (People's Republic of),Percentage,,5,5,5,5.1,5.4,5.7,..,..
,  Croatia,Percentage,i,6.7,6.7,6.7,6.8,6.8,7.7,8.1,..
,  Cyprus,Percentage,i,6.8,6.7,6.6,6.8,7.1,8.4,9.4,..
,  India,Percentage,,3.6,3.5,2.9,2.9,2.9,3,..,..
,  Indonesia,Percentage,,2.9,3,2.9,2.9,2.9,3.4,..,..
,  Malta,Percentage,i,8.9,9,8.7,8.6,9.1,10.7,..,..
,  Peru,Percentage,,5,5,4.9,5.2,5.2,6.3,..,..
,  Romania,Percentage,i,4.9,5.1,5.2,5.5,5.7,6.2,6.5,..
,  South Africa,Percentage,,8.1,8.1,8,8.1,8.2,8.5,..,..
,,,,,,,,,,,
,,,,,,,,,,,
,,,,,,,,,,,
,,,,,,,,,,,
,,,,,,,,,,,
,,,,,,,,,,,
Data extracted on 06 May 2024 03:02 UTC (GMT) from OECD iLibrary,,,,,,,,,,,
Legend:,,,,,,,,,,,
E:,Estimated value,,,,,,,,,,
P:,Provisional value,,,,,,,,,,
D:,Difference in methodology,,,,,,,,,,
B:,Break,,,,,,,,,,
